-- phpMyAdmin SQL Dump
-- version 4.8.0
-- https://www.phpmyadmin.net/
--
-- Host: 127.0.0.1
-- Generation Time: Feb 08, 2020 at 10:06 AM
-- Server version: 10.1.31-MariaDB
-- PHP Version: 5.6.35

SET SQL_MODE = "NO_AUTO_VALUE_ON_ZERO";
SET AUTOCOMMIT = 0;
START TRANSACTION;
SET time_zone = "+00:00";


/*!40101 SET @OLD_CHARACTER_SET_CLIENT=@@CHARACTER_SET_CLIENT */;
/*!40101 SET @OLD_CHARACTER_SET_RESULTS=@@CHARACTER_SET_RESULTS */;
/*!40101 SET @OLD_COLLATION_CONNECTION=@@COLLATION_CONNECTION */;
/*!40101 SET NAMES utf8mb4 */;

--
-- Database: `kanvas`
--

-- --------------------------------------------------------

--
-- Table structure for table `penjualan`
--

CREATE TABLE `penjualan` (
  `id` int(11) NOT NULL,
  `tanggal` date NOT NULL,
  `nomor_transaksi` varchar(128) NOT NULL,
  `id_sales` int(11) NOT NULL,
  `jumlah` int(11) NOT NULL,
  `date_created` int(11) NOT NULL,
  `date_update` int(11) NOT NULL,
  `id_user` int(11) NOT NULL,
  `status_penjualan` varchar(100) NOT NULL DEFAULT 'Pending'
) ENGINE=InnoDB DEFAULT CHARSET=latin1;

--
-- Dumping data for table `penjualan`
--

INSERT INTO `penjualan` (`id`, `tanggal`, `nomor_transaksi`, `id_sales`, `jumlah`, `date_created`, `date_update`, `id_user`, `status_penjualan`) VALUES
(8, '2020-02-06', 'STOK20020001', 1, 5532250, 1580954938, 1580955017, 1, 'Stok'),
(9, '2020-02-06', 'STOK20020002', 2, 9721700, 1580955666, 1580955734, 1, 'Stok'),
(10, '2020-02-06', 'STOK20020003', 2, 41657000, 1580967979, 1580973311, 0, 'Stok'),
(11, '2020-02-06', 'STOK20020004', 1, 2677500, 1580974789, 1580974815, 0, 'Stok'),
(12, '2020-02-06', 'STOK20020005', 1, 4852000, 1580977998, 1580978027, 1, 'Stok'),
(13, '2020-02-07', 'STOK20020006', 2, -7086450, 1581038864, 1581039042, 1, 'Stok'),
(14, '2020-02-07', 'STOK20020007', 2, 6381300, 1581039238, 1581039318, 1, 'Stok'),
(15, '2020-02-07', 'STOK20020008', 2, 9173550, 1581039697, 1581039787, 1, 'Stok'),
(16, '2020-02-07', 'STOK20020009', 3, 6491000, 1581044023, 1581063785, 4, 'Stok'),
(17, '2020-02-07', 'STOK20020010', 2, 11271450, 1581048475, 1581063428, 4, 'Stok'),
(18, '2020-02-07', 'STOK20020011', 1, 4497450, 1581048625, 1581063618, 4, 'Stok'),
(19, '2020-02-08', 'STOK20020012', 4, 67418750, 1581062879, 1581128284, 4, 'Stok'),
(20, '2020-02-08', 'STOK20020013', 1, 4954100, 1581125944, 1581151599, 4, 'Stok'),
(21, '2020-02-08', 'STOK20020014', 3, 7293750, 1581126029, 1581149803, 4, 'Stok'),
(22, '2020-02-08', 'STOK20020015', 2, 7142250, 1581126100, 1581145913, 4, 'Stok'),
(23, '2020-02-08', 'STOK20020016', 10, 132483300, 1581127205, 1581146932, 4, 'Stok'),
(24, '2020-02-08', 'STOK20020017', 6, 102684950, 1581127744, 1581135893, 4, 'Stok'),
(25, '2020-02-08', 'STOK20020018', 7, 178111000, 1581128062, 1581150403, 4, 'Stok'),
(26, '2020-02-08', 'STOK20020019', 9, 118692650, 1581128291, 1581140167, 4, 'Stok'),
(27, '2020-02-08', 'STOK20020020', 8, 157674350, 1581128476, 1581141325, 4, 'Stok'),
(28, '2020-02-08', 'STOK20020021', 5, 109317850, 1581128675, 1581145312, 4, 'Stok');

-- --------------------------------------------------------

--
-- Table structure for table `produk`
--

CREATE TABLE `produk` (
  `id` int(11) NOT NULL,
  `kode` varchar(10) NOT NULL,
  `nama_produk` varchar(128) NOT NULL,
  `alias` varchar(128) NOT NULL,
  `banding` int(11) NOT NULL,
  `harga` int(11) NOT NULL,
  `is_active` int(11) NOT NULL
) ENGINE=InnoDB DEFAULT CHARSET=latin1;

--
-- Dumping data for table `produk`
--

INSERT INTO `produk` (`id`, `kode`, `nama_produk`, `alias`, `banding`, `harga`, `is_active`) VALUES
(1, 'R001', 'Potenza Filter 12', 'Ptz F12', 800, 9000, 1),
(2, 'R002', 'Potenza Filter 16', 'Ptz F16', 600, 12250, 1),
(3, 'R003', 'Potenza Kretek 12', 'Ptz K12', 800, 6200, 1),
(4, 'R004', 'Potenza Mild 20', 'Ptz M20', 600, 14000, 1),
(5, 'R005', 'Potenza Bold 20', 'Bold 20', 600, 15100, 1),
(6, 'R006', 'Potenza Bold 12', 'Bold 12', 800, 9000, 1),
(7, 'R007', 'Cakram F 16', 'Cakm F16', 600, 11400, 1),
(8, 'R008', 'Cakram Prima Kretek 12', 'Prima 12', 800, 6900, 1),
(9, 'R009', 'N30 Mild 16', 'N30 16', 600, 11000, 1),
(10, 'R010', 'Raga Kretek 12', 'Raga K12', 800, 5600, 1),
(11, 'R011', 'Raga Kretek 16', 'Raga K16', 600, 7100, 1),
(12, 'R012', 'Pahala Kretek 20', 'Pahala K20', 600, 8800, 1),
(13, 'R013', 'Tembakau Stromking', 'Stromking', 12, 275000, 1);

-- --------------------------------------------------------

--
-- Table structure for table `role`
--

CREATE TABLE `role` (
  `id` int(11) NOT NULL,
  `role` varchar(128) NOT NULL
) ENGINE=InnoDB DEFAULT CHARSET=latin1;

--
-- Dumping data for table `role`
--

INSERT INTO `role` (`id`, `role`) VALUES
(1, 'admin'),
(2, 'sales');

-- --------------------------------------------------------

--
-- Table structure for table `sales`
--

CREATE TABLE `sales` (
  `id` int(11) NOT NULL,
  `kode_sales` varchar(10) NOT NULL,
  `nama_sales` varchar(128) NOT NULL,
  `daerah` varchar(128) NOT NULL,
  `foto` varchar(128) NOT NULL,
  `is_active` int(11) NOT NULL
) ENGINE=InnoDB DEFAULT CHARSET=latin1;

--
-- Dumping data for table `sales`
--

INSERT INTO `sales` (`id`, `kode_sales`, `nama_sales`, `daerah`, `foto`, `is_active`) VALUES
(1, 'A01', 'ABD.AZIS', '', '', 1),
(2, 'D01', 'DIDI', '', '', 1),
(3, 'M01', 'Marianus', 'Palu- Bangga', '', 1),
(4, 'D100', 'Dummy', 'tes', '', 1),
(5, 'A02', 'Abd.Hafid', 'Pantai Timur', '', 1),
(6, 'Y01', 'Yusuf', 'Poso', '', 1),
(7, 'Y02', 'Yovan', 'Palolo _ Napu', '', 1),
(8, 'R01', 'Randi', 'Pasang Kayu', '', 1),
(9, 'V01', 'Vicky', 'Pantai Timur', '', 1),
(10, 'F01', 'Faisal', 'Pantai Barat', '', 1);

-- --------------------------------------------------------

--
-- Table structure for table `transaksi`
--

CREATE TABLE `transaksi` (
  `id` int(11) NOT NULL,
  `nomor_stok` varchar(128) NOT NULL,
  `tanggal_awal` date NOT NULL,
  `tanggal_stok` date NOT NULL,
  `id_sales` int(11) NOT NULL,
  `kode_produk` varchar(128) NOT NULL,
  `awal` int(11) NOT NULL,
  `akhir` int(11) NOT NULL,
  `status` varchar(128) NOT NULL DEFAULT 'Pending',
  `date_created` int(11) NOT NULL,
  `date_update` int(11) NOT NULL,
  `id_user` int(11) NOT NULL
) ENGINE=InnoDB DEFAULT CHARSET=latin1;

--
-- Dumping data for table `transaksi`
--

INSERT INTO `transaksi` (`id`, `nomor_stok`, `tanggal_awal`, `tanggal_stok`, `id_sales`, `kode_produk`, `awal`, `akhir`, `status`, `date_created`, `date_update`, `id_user`) VALUES
(33, 'STOK20020001', '2020-02-06', '0000-00-00', 1, 'R001', 134, 93, 'Stok', 0, 0, 0),
(34, 'STOK20020001', '2020-02-06', '0000-00-00', 1, 'R002', 133, 30, 'Stok', 0, 0, 0),
(35, 'STOK20020001', '2020-02-06', '0000-00-00', 1, 'R003', 75, 55, 'Stok', 0, 0, 0),
(36, 'STOK20020001', '2020-02-06', '0000-00-00', 1, 'R004', 88, 38, 'Stok', 0, 0, 0),
(37, 'STOK20020001', '2020-02-06', '0000-00-00', 1, 'R005', 115, 0, 'Stok', 0, 0, 0),
(38, 'STOK20020001', '2020-02-06', '0000-00-00', 1, 'R006', 258, 109, 'Stok', 0, 0, 0),
(39, 'STOK20020001', '2020-02-06', '0000-00-00', 1, 'R007', 0, 0, 'Stok', 0, 0, 0),
(40, 'STOK20020001', '2020-02-06', '0000-00-00', 1, 'R008', 0, 0, 'Stok', 0, 0, 0),
(41, 'STOK20020001', '2020-02-06', '0000-00-00', 1, 'R009', 0, 0, 'Stok', 0, 0, 0),
(42, 'STOK20020001', '2020-02-06', '0000-00-00', 1, 'R010', 0, 0, 'Stok', 0, 0, 0),
(43, 'STOK20020001', '2020-02-06', '0000-00-00', 1, 'R011', 0, 0, 'Stok', 0, 0, 0),
(44, 'STOK20020001', '2020-02-06', '0000-00-00', 1, 'R012', 0, 0, 'Stok', 0, 0, 0),
(45, 'STOK20020001', '2020-02-06', '0000-00-00', 1, 'R013', 0, 0, 'Stok', 0, 0, 0),
(46, 'STOK20020002', '2020-02-06', '0000-00-00', 2, 'R001', 1050, 650, 'Stok', 0, 0, 0),
(47, 'STOK20020002', '2020-02-06', '0000-00-00', 2, 'R002', 600, 100, 'Stok', 0, 0, 0),
(48, 'STOK20020002', '2020-02-06', '0000-00-00', 2, 'R003', 0, 0, 'Stok', 0, 0, 0),
(49, 'STOK20020002', '2020-02-06', '0000-00-00', 2, 'R004', 0, 0, 'Stok', 0, 0, 0),
(50, 'STOK20020002', '2020-02-06', '0000-00-00', 2, 'R005', 0, 0, 'Stok', 0, 0, 0),
(51, 'STOK20020002', '2020-02-06', '0000-00-00', 2, 'R006', 0, 0, 'Stok', 0, 0, 0),
(52, 'STOK20020002', '2020-02-06', '0000-00-00', 2, 'R007', 0, 0, 'Stok', 0, 0, 0),
(53, 'STOK20020002', '2020-02-06', '0000-00-00', 2, 'R008', 0, 0, 'Stok', 0, 0, 0),
(54, 'STOK20020002', '2020-02-06', '0000-00-00', 2, 'R009', 0, 3, 'Stok', 0, 0, 0),
(55, 'STOK20020002', '2020-02-06', '0000-00-00', 2, 'R010', 0, 0, 'Stok', 0, 0, 0),
(56, 'STOK20020002', '2020-02-06', '0000-00-00', 2, 'R011', 0, 0, 'Stok', 0, 0, 0),
(57, 'STOK20020002', '2020-02-06', '0000-00-00', 2, 'R012', 0, 0, 'Stok', 0, 0, 0),
(58, 'STOK20020002', '2020-02-06', '0000-00-00', 2, 'R013', 0, 0, 'Stok', 0, 0, 0),
(59, 'STOK20020003', '2020-02-06', '0000-00-00', 2, 'R001', 925, 200, 'Stok', 0, 0, 0),
(60, 'STOK20020003', '2020-02-06', '0000-00-00', 2, 'R002', 920, 0, 'Stok', 0, 0, 0),
(61, 'STOK20020003', '2020-02-06', '0000-00-00', 2, 'R003', 455, 120, 'Stok', 0, 0, 0),
(62, 'STOK20020003', '2020-02-06', '0000-00-00', 2, 'R004', 100, 0, 'Stok', 0, 0, 0),
(63, 'STOK20020003', '2020-02-06', '0000-00-00', 2, 'R005', 1350, 0, 'Stok', 0, 0, 0),
(64, 'STOK20020003', '2020-02-06', '0000-00-00', 2, 'R006', 0, 0, 'Stok', 0, 0, 0),
(65, 'STOK20020003', '2020-02-06', '0000-00-00', 2, 'R007', 0, 0, 'Stok', 0, 0, 0),
(66, 'STOK20020003', '2020-02-06', '0000-00-00', 2, 'R008', 0, 0, 'Stok', 0, 0, 0),
(67, 'STOK20020003', '2020-02-06', '0000-00-00', 2, 'R009', 0, 0, 'Stok', 0, 0, 0),
(68, 'STOK20020003', '2020-02-06', '0000-00-00', 2, 'R010', 0, 0, 'Stok', 0, 0, 0),
(69, 'STOK20020003', '2020-02-06', '0000-00-00', 2, 'R011', 0, 0, 'Stok', 0, 0, 0),
(70, 'STOK20020003', '2020-02-06', '0000-00-00', 2, 'R012', 0, 0, 'Stok', 0, 0, 0),
(71, 'STOK20020003', '2020-02-06', '0000-00-00', 2, 'R013', 0, 0, 'Stok', 0, 0, 0),
(72, 'STOK20020004', '2020-02-06', '0000-00-00', 1, 'R001', 200, 25, 'Stok', 0, 0, 0),
(73, 'STOK20020004', '2020-02-06', '0000-00-00', 1, 'R002', 150, 60, 'Stok', 0, 0, 0),
(74, 'STOK20020004', '2020-02-06', '0000-00-00', 1, 'R003', 0, 0, 'Stok', 0, 0, 0),
(75, 'STOK20020004', '2020-02-06', '0000-00-00', 1, 'R004', 0, 0, 'Stok', 0, 0, 0),
(76, 'STOK20020004', '2020-02-06', '0000-00-00', 1, 'R005', 0, 0, 'Stok', 0, 0, 0),
(77, 'STOK20020004', '2020-02-06', '0000-00-00', 1, 'R006', 0, 0, 'Stok', 0, 0, 0),
(78, 'STOK20020004', '2020-02-06', '0000-00-00', 1, 'R007', 0, 0, 'Stok', 0, 0, 0),
(79, 'STOK20020004', '2020-02-06', '0000-00-00', 1, 'R008', 0, 0, 'Stok', 0, 0, 0),
(80, 'STOK20020004', '2020-02-06', '0000-00-00', 1, 'R009', 0, 0, 'Stok', 0, 0, 0),
(81, 'STOK20020004', '2020-02-06', '0000-00-00', 1, 'R010', 0, 0, 'Stok', 0, 0, 0),
(82, 'STOK20020004', '2020-02-06', '0000-00-00', 1, 'R011', 0, 0, 'Stok', 0, 0, 0),
(83, 'STOK20020004', '2020-02-06', '0000-00-00', 1, 'R012', 0, 0, 'Stok', 0, 0, 0),
(84, 'STOK20020004', '2020-02-06', '0000-00-00', 1, 'R013', 0, 0, 'Stok', 0, 0, 0),
(85, 'STOK20020005', '2020-02-06', '0000-00-00', 1, 'R001', 100, 20, 'Stok', 0, 0, 0),
(86, 'STOK20020005', '2020-02-06', '0000-00-00', 1, 'R002', 350, 10, 'Stok', 0, 0, 0),
(87, 'STOK20020005', '2020-02-06', '0000-00-00', 1, 'R003', 0, 0, 'Stok', 0, 0, 0),
(88, 'STOK20020005', '2020-02-06', '0000-00-00', 1, 'R004', 0, 0, 'Stok', 0, 0, 0),
(89, 'STOK20020005', '2020-02-06', '0000-00-00', 1, 'R005', 0, 0, 'Stok', 0, 0, 0),
(90, 'STOK20020005', '2020-02-06', '0000-00-00', 1, 'R006', 0, 0, 'Stok', 0, 0, 0),
(91, 'STOK20020005', '2020-02-06', '0000-00-00', 1, 'R007', 0, 0, 'Stok', 0, 0, 0),
(92, 'STOK20020005', '2020-02-06', '0000-00-00', 1, 'R008', 0, 0, 'Stok', 0, 0, 0),
(93, 'STOK20020005', '2020-02-06', '0000-00-00', 1, 'R009', 0, 3, 'Stok', 0, 0, 0),
(94, 'STOK20020005', '2020-02-06', '0000-00-00', 1, 'R010', 0, 0, 'Stok', 0, 0, 0),
(95, 'STOK20020005', '2020-02-06', '0000-00-00', 1, 'R011', 0, 0, 'Stok', 0, 0, 0),
(96, 'STOK20020005', '2020-02-06', '0000-00-00', 1, 'R012', 0, 0, 'Stok', 0, 0, 0),
(97, 'STOK20020005', '2020-02-06', '0000-00-00', 1, 'R013', 0, 0, 'Stok', 0, 0, 0),
(98, 'STOK20020006', '2020-02-07', '0000-00-00', 2, 'R001', 149, 92, 'Stok', 0, 0, 0),
(99, 'STOK20020006', '2020-02-07', '0000-00-00', 2, 'R002', 592, 459, 'Stok', 0, 0, 0),
(100, 'STOK20020006', '2020-02-07', '0000-00-00', 2, 'R003', 341, 331, 'Stok', 0, 0, 0),
(101, 'STOK20020006', '2020-02-07', '0000-00-00', 2, 'R004', 330, 288, 'Stok', 0, 0, 0),
(102, 'STOK20020006', '2020-02-07', '0000-00-00', 2, 'R005', 333, 60, 'Stok', 0, 0, 0),
(103, 'STOK20020006', '2020-02-07', '0000-00-00', 2, 'R006', 381, 130, 'Stok', 0, 0, 0),
(104, 'STOK20020006', '2020-02-07', '0000-00-00', 2, 'R007', 0, 0, 'Stok', 0, 0, 0),
(105, 'STOK20020006', '2020-02-07', '0000-00-00', 2, 'R008', 0, 0, 'Stok', 0, 0, 0),
(106, 'STOK20020006', '2020-02-07', '0000-00-00', 2, 'R009', 0, 0, 'Stok', 0, 0, 0),
(107, 'STOK20020006', '2020-02-07', '0000-00-00', 2, 'R010', 0, 0, 'Stok', 0, 0, 0),
(108, 'STOK20020006', '2020-02-07', '0000-00-00', 2, 'R011', 0, 0, 'Stok', 0, 0, 0),
(109, 'STOK20020006', '2020-02-07', '0000-00-00', 2, 'R012', 0, 0, 'Stok', 0, 0, 0),
(110, 'STOK20020006', '2020-02-07', '0000-00-00', 2, 'R013', 0, 0, 'Stok', 0, 0, 0),
(111, 'STOK20020007', '2020-02-07', '0000-00-00', 2, 'R001', 92, 92, 'Stok', 0, 0, 0),
(112, 'STOK20020007', '2020-02-07', '0000-00-00', 2, 'R002', 459, 459, 'Stok', 0, 0, 0),
(113, 'STOK20020007', '2020-02-07', '0000-00-00', 2, 'R003', 331, 331, 'Stok', 0, 0, 0),
(114, 'STOK20020007', '2020-02-07', '0000-00-00', 2, 'R004', 288, 288, 'Stok', 0, 0, 0),
(115, 'STOK20020007', '2020-02-07', '0000-00-00', 2, 'R005', 933, 660, 'Stok', 0, 0, 0),
(116, 'STOK20020007', '2020-02-07', '0000-00-00', 2, 'R006', 1181, 930, 'Stok', 0, 0, 0),
(117, 'STOK20020007', '2020-02-07', '0000-00-00', 2, 'R007', 0, 0, 'Stok', 0, 0, 0),
(118, 'STOK20020007', '2020-02-07', '0000-00-00', 2, 'R008', 0, 0, 'Stok', 0, 0, 0),
(119, 'STOK20020007', '2020-02-07', '0000-00-00', 2, 'R009', 0, 0, 'Stok', 0, 0, 0),
(120, 'STOK20020007', '2020-02-07', '0000-00-00', 2, 'R010', 0, 0, 'Stok', 0, 0, 0),
(121, 'STOK20020007', '2020-02-07', '0000-00-00', 2, 'R011', 0, 0, 'Stok', 0, 0, 0),
(122, 'STOK20020007', '2020-02-07', '0000-00-00', 2, 'R012', 0, 0, 'Stok', 0, 0, 0),
(123, 'STOK20020007', '2020-02-07', '0000-00-00', 2, 'R013', 0, 0, 'Stok', 0, 0, 0),
(124, 'STOK20020008', '2020-02-07', '0000-00-00', 2, 'R001', 149, 92, 'Stok', 0, 0, 0),
(125, 'STOK20020008', '2020-02-07', '0000-00-00', 2, 'R002', 592, 459, 'Stok', 0, 0, 0),
(126, 'STOK20020008', '2020-02-07', '0000-00-00', 2, 'R003', 341, 331, 'Stok', 0, 0, 0),
(127, 'STOK20020008', '2020-02-07', '0000-00-00', 2, 'R004', 330, 288, 'Stok', 0, 0, 0),
(128, 'STOK20020008', '2020-02-07', '0000-00-00', 2, 'R005', 933, 660, 'Stok', 0, 0, 0),
(129, 'STOK20020008', '2020-02-07', '0000-00-00', 2, 'R006', 1181, 930, 'Stok', 0, 0, 0),
(130, 'STOK20020008', '2020-02-07', '0000-00-00', 2, 'R007', 0, 0, 'Stok', 0, 0, 0),
(131, 'STOK20020008', '2020-02-07', '0000-00-00', 2, 'R008', 0, 0, 'Stok', 0, 0, 0),
(132, 'STOK20020008', '2020-02-07', '0000-00-00', 2, 'R009', 0, 0, 'Stok', 0, 0, 0),
(133, 'STOK20020008', '2020-02-07', '0000-00-00', 2, 'R010', 0, 0, 'Stok', 0, 0, 0),
(134, 'STOK20020008', '2020-02-07', '0000-00-00', 2, 'R011', 0, 0, 'Stok', 0, 0, 0),
(135, 'STOK20020008', '2020-02-07', '0000-00-00', 2, 'R012', 0, 0, 'Stok', 0, 0, 0),
(136, 'STOK20020008', '2020-02-07', '0000-00-00', 2, 'R013', 0, 0, 'Stok', 0, 0, 0),
(137, 'STOK20020009', '2020-02-07', '0000-00-00', 3, 'R001', 69, 0, 'Stok', 0, 0, 0),
(138, 'STOK20020009', '2020-02-07', '0000-00-00', 3, 'R002', 1149, 1009, 'Stok', 0, 0, 0),
(139, 'STOK20020009', '2020-02-07', '0000-00-00', 3, 'R003', 904, 844, 'Stok', 0, 0, 0),
(140, 'STOK20020009', '2020-02-07', '0000-00-00', 3, 'R004', 515, 503, 'Stok', 0, 0, 0),
(141, 'STOK20020009', '2020-02-07', '0000-00-00', 3, 'R005', 1161, 1011, 'Stok', 0, 0, 0),
(142, 'STOK20020009', '2020-02-07', '0000-00-00', 3, 'R006', 1553, 1403, 'Stok', 0, 0, 0),
(143, 'STOK20020009', '2020-02-07', '0000-00-00', 3, 'R007', 0, 0, 'Stok', 0, 0, 0),
(144, 'STOK20020009', '2020-02-07', '0000-00-00', 3, 'R008', 0, 0, 'Stok', 0, 0, 0),
(145, 'STOK20020009', '2020-02-07', '0000-00-00', 3, 'R009', 0, 0, 'Stok', 0, 0, 0),
(146, 'STOK20020009', '2020-02-07', '0000-00-00', 3, 'R010', 0, 0, 'Stok', 0, 0, 0),
(147, 'STOK20020009', '2020-02-07', '0000-00-00', 3, 'R011', 0, 0, 'Stok', 0, 0, 0),
(148, 'STOK20020009', '2020-02-07', '0000-00-00', 3, 'R012', 0, 0, 'Stok', 0, 0, 0),
(149, 'STOK20020009', '2020-02-07', '0000-00-00', 3, 'R013', 0, 0, 'Stok', 0, 0, 0),
(150, 'STOK20020010', '2020-02-07', '0000-00-00', 2, 'R001', 92, 31, 'Stok', 0, 0, 0),
(151, 'STOK20020010', '2020-02-07', '0000-00-00', 2, 'R002', 459, 304, 'Stok', 0, 0, 0),
(152, 'STOK20020010', '2020-02-07', '0000-00-00', 2, 'R003', 331, 331, 'Stok', 0, 0, 0),
(153, 'STOK20020010', '2020-02-07', '0000-00-00', 2, 'R004', 288, 234, 'Stok', 0, 0, 0),
(154, 'STOK20020010', '2020-02-07', '0000-00-00', 2, 'R005', 660, 323, 'Stok', 0, 0, 0),
(155, 'STOK20020010', '2020-02-07', '0000-00-00', 2, 'R006', 930, 599, 'Stok', 0, 0, 0),
(156, 'STOK20020010', '2020-02-07', '0000-00-00', 2, 'R007', 0, 0, 'Stok', 0, 0, 0),
(157, 'STOK20020010', '2020-02-07', '0000-00-00', 2, 'R008', 0, 0, 'Stok', 0, 0, 0),
(158, 'STOK20020010', '2020-02-07', '0000-00-00', 2, 'R009', 0, 0, 'Stok', 0, 0, 0),
(159, 'STOK20020010', '2020-02-07', '0000-00-00', 2, 'R010', 0, 0, 'Stok', 0, 0, 0),
(160, 'STOK20020010', '2020-02-07', '0000-00-00', 2, 'R011', 0, 0, 'Stok', 0, 0, 0),
(161, 'STOK20020010', '2020-02-07', '0000-00-00', 2, 'R012', 0, 0, 'Stok', 0, 0, 0),
(162, 'STOK20020010', '2020-02-07', '0000-00-00', 2, 'R013', 0, 0, 'Stok', 0, 0, 0),
(163, 'STOK20020011', '2020-02-07', '0000-00-00', 1, 'R001', 159, 130, 'Stok', 0, 0, 0),
(164, 'STOK20020011', '2020-02-07', '0000-00-00', 1, 'R002', 135, 84, 'Stok', 0, 0, 0),
(165, 'STOK20020011', '2020-02-07', '0000-00-00', 1, 'R003', 65, 49, 'Stok', 0, 0, 0),
(166, 'STOK20020011', '2020-02-07', '0000-00-00', 1, 'R004', 84, 37, 'Stok', 0, 0, 0),
(167, 'STOK20020011', '2020-02-07', '0000-00-00', 1, 'R005', 105, 0, 'Stok', 0, 0, 0),
(168, 'STOK20020011', '2020-02-07', '0000-00-00', 1, 'R006', 237, 96, 'Stok', 0, 0, 0),
(169, 'STOK20020011', '2020-02-07', '0000-00-00', 1, 'R007', 0, 0, 'Stok', 0, 0, 0),
(170, 'STOK20020011', '2020-02-07', '0000-00-00', 1, 'R008', 0, 0, 'Stok', 0, 0, 0),
(171, 'STOK20020011', '2020-02-07', '0000-00-00', 1, 'R009', 0, 0, 'Stok', 0, 0, 0),
(172, 'STOK20020011', '2020-02-07', '0000-00-00', 1, 'R010', 0, 0, 'Stok', 0, 0, 0),
(173, 'STOK20020011', '2020-02-07', '0000-00-00', 1, 'R011', 0, 0, 'Stok', 0, 0, 0),
(174, 'STOK20020011', '2020-02-07', '0000-00-00', 1, 'R012', 0, 0, 'Stok', 0, 0, 0),
(175, 'STOK20020011', '2020-02-07', '0000-00-00', 1, 'R013', 0, 0, 'Stok', 0, 0, 0),
(176, 'STOK20020012', '2020-02-07', '0000-00-00', 4, 'R001', 199, 1, 'Stok', 0, 0, 0),
(177, 'STOK20020012', '2020-02-07', '0000-00-00', 4, 'R002', 1264, 1, 'Stok', 0, 0, 0),
(178, 'STOK20020012', '2020-02-07', '0000-00-00', 4, 'R003', 994, 2, 'Stok', 0, 0, 0),
(179, 'STOK20020012', '2020-02-07', '0000-00-00', 4, 'R004', 571, 1, 'Stok', 0, 0, 0),
(180, 'STOK20020012', '2020-02-07', '0000-00-00', 4, 'R005', 1367, 1, 'Stok', 0, 0, 0),
(181, 'STOK20020012', '2020-02-07', '0000-00-00', 4, 'R006', 1713, 1, 'Stok', 0, 0, 0),
(182, 'STOK20020012', '2020-02-07', '0000-00-00', 4, 'R007', 0, 0, 'Stok', 0, 0, 0),
(183, 'STOK20020012', '2020-02-07', '0000-00-00', 4, 'R008', 0, 0, 'Stok', 0, 0, 0),
(184, 'STOK20020012', '2020-02-07', '0000-00-00', 4, 'R009', 0, 0, 'Stok', 0, 0, 0),
(185, 'STOK20020012', '2020-02-07', '0000-00-00', 4, 'R010', 0, 0, 'Stok', 0, 0, 0),
(186, 'STOK20020012', '2020-02-07', '0000-00-00', 4, 'R011', 0, 0, 'Stok', 0, 0, 0),
(187, 'STOK20020012', '2020-02-07', '0000-00-00', 4, 'R012', 0, 0, 'Stok', 0, 0, 0),
(188, 'STOK20020012', '2020-02-07', '0000-00-00', 4, 'R013', 0, 0, 'Stok', 0, 0, 0),
(189, 'STOK20020013', '2020-02-08', '0000-00-00', 1, 'R001', 130, 85, 'Stok', 0, 0, 0),
(190, 'STOK20020013', '2020-02-08', '0000-00-00', 1, 'R002', 124, 86, 'Stok', 0, 0, 0),
(191, 'STOK20020013', '2020-02-08', '0000-00-00', 1, 'R003', 69, 61, 'Stok', 0, 0, 0),
(192, 'STOK20020013', '2020-02-08', '0000-00-00', 1, 'R004', 87, 52, 'Stok', 0, 0, 0),
(193, 'STOK20020013', '2020-02-08', '0000-00-00', 1, 'R005', 100, 0, 'Stok', 0, 0, 0),
(194, 'STOK20020013', '2020-02-08', '0000-00-00', 1, 'R006', 246, 20, 'Stok', 0, 0, 0),
(195, 'STOK20020013', '2020-02-08', '0000-00-00', 1, 'R007', 0, 0, 'Stok', 0, 0, 0),
(196, 'STOK20020013', '2020-02-08', '0000-00-00', 1, 'R008', 0, 0, 'Stok', 0, 0, 0),
(197, 'STOK20020013', '2020-02-08', '0000-00-00', 1, 'R009', 0, 0, 'Stok', 0, 0, 0),
(198, 'STOK20020013', '2020-02-08', '0000-00-00', 1, 'R010', 0, 0, 'Stok', 0, 0, 0),
(199, 'STOK20020013', '2020-02-08', '0000-00-00', 1, 'R011', 0, 0, 'Stok', 0, 0, 0),
(200, 'STOK20020013', '2020-02-08', '0000-00-00', 1, 'R012', 0, 0, 'Stok', 0, 0, 0),
(201, 'STOK20020013', '2020-02-08', '0000-00-00', 1, 'R013', 0, 0, 'Stok', 0, 0, 0),
(202, 'STOK20020014', '2020-02-08', '0000-00-00', 3, 'R001', 0, 0, 'Stok', 0, 0, 0),
(203, 'STOK20020014', '2020-02-08', '0000-00-00', 3, 'R002', 1609, 1456, 'Stok', 0, 0, 0),
(204, 'STOK20020014', '2020-02-08', '0000-00-00', 3, 'R003', 844, 799, 'Stok', 0, 0, 0),
(205, 'STOK20020014', '2020-02-08', '0000-00-00', 3, 'R004', 503, 428, 'Stok', 0, 0, 0),
(206, 'STOK20020014', '2020-02-08', '0000-00-00', 3, 'R005', 1611, 1476, 'Stok', 0, 0, 0),
(207, 'STOK20020014', '2020-02-08', '0000-00-00', 3, 'R006', 2203, 1975, 'Stok', 0, 0, 0),
(208, 'STOK20020014', '2020-02-08', '0000-00-00', 3, 'R007', 0, 0, 'Stok', 0, 0, 0),
(209, 'STOK20020014', '2020-02-08', '0000-00-00', 3, 'R008', 0, 0, 'Stok', 0, 0, 0),
(210, 'STOK20020014', '2020-02-08', '0000-00-00', 3, 'R009', 0, 0, 'Stok', 0, 0, 0),
(211, 'STOK20020014', '2020-02-08', '0000-00-00', 3, 'R010', 0, 0, 'Stok', 0, 0, 0),
(212, 'STOK20020014', '2020-02-08', '0000-00-00', 3, 'R011', 0, 0, 'Stok', 0, 0, 0),
(213, 'STOK20020014', '2020-02-08', '0000-00-00', 3, 'R012', 0, 0, 'Stok', 0, 0, 0),
(214, 'STOK20020014', '2020-02-08', '0000-00-00', 3, 'R013', 0, 0, 'Stok', 0, 0, 0),
(215, 'STOK20020015', '2020-02-08', '0000-00-00', 2, 'R001', 31, 0, 'Stok', 0, 0, 0),
(216, 'STOK20020015', '2020-02-08', '0000-00-00', 2, 'R002', 304, 199, 'Stok', 0, 0, 0),
(217, 'STOK20020015', '2020-02-08', '0000-00-00', 2, 'R003', 331, 331, 'Stok', 0, 0, 0),
(218, 'STOK20020015', '2020-02-08', '0000-00-00', 2, 'R004', 234, 207, 'Stok', 0, 0, 0),
(219, 'STOK20020015', '2020-02-08', '0000-00-00', 2, 'R005', 323, 83, 'Stok', 0, 0, 0),
(220, 'STOK20020015', '2020-02-08', '0000-00-00', 2, 'R006', 599, 424, 'Stok', 0, 0, 0),
(221, 'STOK20020015', '2020-02-08', '0000-00-00', 2, 'R007', 0, 0, 'Stok', 0, 0, 0),
(222, 'STOK20020015', '2020-02-08', '0000-00-00', 2, 'R008', 0, 0, 'Stok', 0, 0, 0),
(223, 'STOK20020015', '2020-02-08', '0000-00-00', 2, 'R009', 0, 0, 'Stok', 0, 0, 0),
(224, 'STOK20020015', '2020-02-08', '0000-00-00', 2, 'R010', 0, 0, 'Stok', 0, 0, 0),
(225, 'STOK20020015', '2020-02-08', '0000-00-00', 2, 'R011', 0, 0, 'Stok', 0, 0, 0),
(226, 'STOK20020015', '2020-02-08', '0000-00-00', 2, 'R012', 0, 0, 'Stok', 0, 0, 0),
(227, 'STOK20020015', '2020-02-08', '0000-00-00', 2, 'R013', 0, 0, 'Stok', 0, 0, 0),
(228, 'STOK20020016', '2020-02-08', '0000-00-00', 10, 'R001', 1805, 0, 'Stok', 0, 0, 0),
(229, 'STOK20020016', '2020-02-08', '0000-00-00', 10, 'R002', 2620, 1226, 'Stok', 0, 0, 0),
(230, 'STOK20020016', '2020-02-08', '0000-00-00', 10, 'R003', 1605, 15, 'Stok', 0, 0, 0),
(231, 'STOK20020016', '2020-02-08', '0000-00-00', 10, 'R004', 1800, 626, 'Stok', 0, 0, 0),
(232, 'STOK20020016', '2020-02-08', '0000-00-00', 10, 'R005', 4803, 1687, 'Stok', 0, 0, 0),
(233, 'STOK20020016', '2020-02-08', '0000-00-00', 10, 'R006', 4511, 2023, 'Stok', 0, 0, 0),
(234, 'STOK20020016', '2020-02-08', '0000-00-00', 10, 'R007', 0, 0, 'Stok', 0, 0, 0),
(235, 'STOK20020016', '2020-02-08', '0000-00-00', 10, 'R008', 0, 0, 'Stok', 0, 0, 0),
(236, 'STOK20020016', '2020-02-08', '0000-00-00', 10, 'R009', 488, 462, 'Stok', 0, 0, 0),
(237, 'STOK20020016', '2020-02-08', '0000-00-00', 10, 'R010', 0, 0, 'Stok', 0, 0, 0),
(238, 'STOK20020016', '2020-02-08', '0000-00-00', 10, 'R011', 630, 188, 'Stok', 0, 0, 0),
(239, 'STOK20020016', '2020-02-08', '0000-00-00', 10, 'R012', 0, 0, 'Stok', 0, 0, 0),
(240, 'STOK20020016', '2020-02-08', '0000-00-00', 10, 'R013', 0, 0, 'Stok', 0, 0, 0),
(241, 'STOK20020017', '2020-02-08', '0000-00-00', 6, 'R001', 515, 342, 'Stok', 0, 0, 0),
(242, 'STOK20020017', '2020-02-08', '0000-00-00', 6, 'R002', 907, 0, 'Stok', 0, 0, 0),
(243, 'STOK20020017', '2020-02-08', '0000-00-00', 6, 'R003', 578, 218, 'Stok', 0, 0, 0),
(244, 'STOK20020017', '2020-02-08', '0000-00-00', 6, 'R004', 2002, 359, 'Stok', 0, 0, 0),
(245, 'STOK20020017', '2020-02-08', '0000-00-00', 6, 'R005', 3601, 163, 'Stok', 0, 0, 0),
(246, 'STOK20020017', '2020-02-08', '0000-00-00', 6, 'R006', 1600, 437, 'Stok', 0, 0, 0),
(247, 'STOK20020017', '2020-02-08', '0000-00-00', 6, 'R007', 0, 0, 'Stok', 0, 0, 0),
(248, 'STOK20020017', '2020-02-08', '0000-00-00', 6, 'R008', 0, 0, 'Stok', 0, 0, 0),
(249, 'STOK20020017', '2020-02-08', '0000-00-00', 6, 'R009', 80, 80, 'Stok', 0, 0, 0),
(250, 'STOK20020017', '2020-02-08', '0000-00-00', 6, 'R010', 0, 0, 'Stok', 0, 0, 0),
(251, 'STOK20020017', '2020-02-08', '0000-00-00', 6, 'R011', 0, 0, 'Stok', 0, 0, 0),
(252, 'STOK20020017', '2020-02-08', '0000-00-00', 6, 'R012', 428, 155, 'Stok', 0, 0, 0),
(253, 'STOK20020017', '2020-02-08', '0000-00-00', 6, 'R013', 0, 0, 'Stok', 0, 0, 0),
(254, 'STOK20020018', '2020-02-08', '0000-00-00', 7, 'R001', 980, 0, 'Stok', 0, 0, 0),
(255, 'STOK20020018', '2020-02-08', '0000-00-00', 7, 'R002', 2400, 0, 'Stok', 0, 0, 0),
(256, 'STOK20020018', '2020-02-08', '0000-00-00', 7, 'R003', 1600, 0, 'Stok', 0, 0, 0),
(257, 'STOK20020018', '2020-02-08', '0000-00-00', 7, 'R004', 1201, 86, 'Stok', 0, 0, 0),
(258, 'STOK20020018', '2020-02-08', '0000-00-00', 7, 'R005', 6000, 1098, 'Stok', 0, 0, 0),
(259, 'STOK20020018', '2020-02-08', '0000-00-00', 7, 'R006', 4000, 2, 'Stok', 0, 0, 0),
(260, 'STOK20020018', '2020-02-08', '0000-00-00', 7, 'R007', 0, 0, 'Stok', 0, 0, 0),
(261, 'STOK20020018', '2020-02-08', '0000-00-00', 7, 'R008', 0, 0, 'Stok', 0, 0, 0),
(262, 'STOK20020018', '2020-02-08', '0000-00-00', 7, 'R009', 785, 665, 'Stok', 0, 0, 0),
(263, 'STOK20020018', '2020-02-08', '0000-00-00', 7, 'R010', 0, 0, 'Stok', 0, 0, 0),
(264, 'STOK20020018', '2020-02-08', '0000-00-00', 7, 'R011', 428, 0, 'Stok', 0, 0, 0),
(265, 'STOK20020018', '2020-02-08', '0000-00-00', 7, 'R012', 0, 0, 'Stok', 0, 0, 0),
(266, 'STOK20020018', '2020-02-08', '0000-00-00', 7, 'R013', 0, 0, 'Stok', 0, 0, 0),
(267, 'STOK20020019', '2020-02-08', '0000-00-00', 9, 'R001', 890, 0, 'Stok', 0, 0, 0),
(268, 'STOK20020019', '2020-02-08', '0000-00-00', 9, 'R002', 2467, 878, 'Stok', 0, 0, 0),
(269, 'STOK20020019', '2020-02-08', '0000-00-00', 9, 'R003', 1600, 628, 'Stok', 0, 0, 0),
(270, 'STOK20020019', '2020-02-08', '0000-00-00', 9, 'R004', 1800, 917, 'Stok', 0, 0, 0),
(271, 'STOK20020019', '2020-02-08', '0000-00-00', 9, 'R005', 4477, 1687, 'Stok', 0, 0, 0),
(272, 'STOK20020019', '2020-02-08', '0000-00-00', 9, 'R006', 4830, 1777, 'Stok', 0, 0, 0),
(273, 'STOK20020019', '2020-02-08', '0000-00-00', 9, 'R007', 0, 0, 'Stok', 0, 0, 0),
(274, 'STOK20020019', '2020-02-08', '0000-00-00', 9, 'R008', 0, 0, 'Stok', 0, 0, 0),
(275, 'STOK20020019', '2020-02-08', '0000-00-00', 9, 'R009', 655, 398, 'Stok', 0, 0, 0),
(276, 'STOK20020019', '2020-02-08', '0000-00-00', 9, 'R010', 0, 0, 'Stok', 0, 0, 0),
(277, 'STOK20020019', '2020-02-08', '0000-00-00', 9, 'R011', 0, 0, 'Stok', 0, 0, 0),
(278, 'STOK20020019', '2020-02-08', '0000-00-00', 9, 'R012', 45, 0, 'Stok', 0, 0, 0),
(279, 'STOK20020019', '2020-02-08', '0000-00-00', 9, 'R013', 0, 0, 'Stok', 0, 0, 0),
(280, 'STOK20020020', '2020-02-08', '0000-00-00', 8, 'R001', 774, 58, 'Stok', 0, 0, 0),
(281, 'STOK20020020', '2020-02-08', '0000-00-00', 8, 'R002', 2381, 410, 'Stok', 0, 0, 0),
(282, 'STOK20020020', '2020-02-08', '0000-00-00', 8, 'R003', 656, 236, 'Stok', 0, 0, 0),
(283, 'STOK20020020', '2020-02-08', '0000-00-00', 8, 'R004', 3840, 257, 'Stok', 0, 0, 0),
(284, 'STOK20020020', '2020-02-08', '0000-00-00', 8, 'R005', 4373, 687, 'Stok', 0, 0, 0),
(285, 'STOK20020020', '2020-02-08', '0000-00-00', 8, 'R006', 2339, 763, 'Stok', 0, 0, 0),
(286, 'STOK20020020', '2020-02-08', '0000-00-00', 8, 'R007', 0, 0, 'Stok', 0, 0, 0),
(287, 'STOK20020020', '2020-02-08', '0000-00-00', 8, 'R008', 0, 0, 'Stok', 0, 0, 0),
(288, 'STOK20020020', '2020-02-08', '0000-00-00', 8, 'R009', 415, 340, 'Stok', 0, 0, 0),
(289, 'STOK20020020', '2020-02-08', '0000-00-00', 8, 'R010', 0, 0, 'Stok', 0, 0, 0),
(290, 'STOK20020020', '2020-02-08', '0000-00-00', 8, 'R011', 0, 0, 'Stok', 0, 0, 0),
(291, 'STOK20020020', '2020-02-08', '0000-00-00', 8, 'R012', 415, 0, 'Stok', 0, 0, 0),
(292, 'STOK20020020', '2020-02-08', '0000-00-00', 8, 'R013', 0, 0, 'Stok', 0, 0, 0),
(293, 'STOK20020021', '2020-02-08', '0000-00-00', 5, 'R001', 805, 6, 'Stok', 0, 0, 0),
(294, 'STOK20020021', '2020-02-08', '0000-00-00', 5, 'R002', 1269, 2, 'Stok', 0, 0, 0),
(295, 'STOK20020021', '2020-02-08', '0000-00-00', 5, 'R003', 802, 500, 'Stok', 0, 0, 0),
(296, 'STOK20020021', '2020-02-08', '0000-00-00', 5, 'R004', 1205, 225, 'Stok', 0, 0, 0),
(297, 'STOK20020021', '2020-02-08', '0000-00-00', 5, 'R005', 3600, 652, 'Stok', 0, 0, 0),
(298, 'STOK20020021', '2020-02-08', '0000-00-00', 5, 'R006', 4002, 1292, 'Stok', 0, 0, 0),
(299, 'STOK20020021', '2020-02-08', '0000-00-00', 5, 'R007', 0, 0, 'Stok', 0, 0, 0),
(300, 'STOK20020021', '2020-02-08', '0000-00-00', 5, 'R008', 0, 0, 'Stok', 0, 0, 0),
(301, 'STOK20020021', '2020-02-08', '0000-00-00', 5, 'R009', 302, 177, 'Stok', 0, 0, 0),
(302, 'STOK20020021', '2020-02-08', '0000-00-00', 5, 'R010', 0, 0, 'Stok', 0, 0, 0),
(303, 'STOK20020021', '2020-02-08', '0000-00-00', 5, 'R011', 450, 421, 'Stok', 0, 0, 0),
(304, 'STOK20020021', '2020-02-08', '0000-00-00', 5, 'R012', 353, 293, 'Stok', 0, 0, 0),
(305, 'STOK20020021', '2020-02-08', '0000-00-00', 5, 'R013', 0, 0, 'Stok', 0, 0, 0);

-- --------------------------------------------------------

--
-- Table structure for table `user`
--

CREATE TABLE `user` (
  `id_user` int(11) NOT NULL,
  `nama_user` varchar(128) NOT NULL,
  `username` varchar(128) NOT NULL,
  `password` varchar(128) NOT NULL,
  `role_id` int(11) NOT NULL,
  `is_active` int(11) NOT NULL
) ENGINE=InnoDB DEFAULT CHARSET=latin1;

--
-- Dumping data for table `user`
--

INSERT INTO `user` (`id_user`, `nama_user`, `username`, `password`, `role_id`, `is_active`) VALUES
(1, 'Budi Harto', 'admin', '4135a6f12bd7b1007140f6c4deec37dc', 1, 1),
(2, 'admin', 'admin', '827ccb0eea8a706c4c34a16891f84e7b', 2, 1),
(3, 'Fisca', 'fisca', '310dcbbf4cce62f762a2aaa148d556bd', 2, 1),
(4, 'Wadi', 'wadi', '5ad21b85ba90cddca18f2614617e060d', 2, 1);

--
-- Indexes for dumped tables
--

--
-- Indexes for table `penjualan`
--
ALTER TABLE `penjualan`
  ADD PRIMARY KEY (`id`);

--
-- Indexes for table `produk`
--
ALTER TABLE `produk`
  ADD PRIMARY KEY (`id`);

--
-- Indexes for table `role`
--
ALTER TABLE `role`
  ADD PRIMARY KEY (`id`);

--
-- Indexes for table `sales`
--
ALTER TABLE `sales`
  ADD PRIMARY KEY (`id`);

--
-- Indexes for table `transaksi`
--
ALTER TABLE `transaksi`
  ADD PRIMARY KEY (`id`);

--
-- Indexes for table `user`
--
ALTER TABLE `user`
  ADD PRIMARY KEY (`id_user`);

--
-- AUTO_INCREMENT for dumped tables
--

--
-- AUTO_INCREMENT for table `penjualan`
--
ALTER TABLE `penjualan`
  MODIFY `id` int(11) NOT NULL AUTO_INCREMENT, AUTO_INCREMENT=29;

--
-- AUTO_INCREMENT for table `produk`
--
ALTER TABLE `produk`
  MODIFY `id` int(11) NOT NULL AUTO_INCREMENT, AUTO_INCREMENT=14;

--
-- AUTO_INCREMENT for table `role`
--
ALTER TABLE `role`
  MODIFY `id` int(11) NOT NULL AUTO_INCREMENT, AUTO_INCREMENT=3;

--
-- AUTO_INCREMENT for table `sales`
--
ALTER TABLE `sales`
  MODIFY `id` int(11) NOT NULL AUTO_INCREMENT, AUTO_INCREMENT=11;

--
-- AUTO_INCREMENT for table `transaksi`
--
ALTER TABLE `transaksi`
  MODIFY `id` int(11) NOT NULL AUTO_INCREMENT, AUTO_INCREMENT=306;

--
-- AUTO_INCREMENT for table `user`
--
ALTER TABLE `user`
  MODIFY `id_user` int(11) NOT NULL AUTO_INCREMENT, AUTO_INCREMENT=5;
COMMIT;

/*!40101 SET CHARACTER_SET_CLIENT=@OLD_CHARACTER_SET_CLIENT */;
/*!40101 SET CHARACTER_SET_RESULTS=@OLD_CHARACTER_SET_RESULTS */;
/*!40101 SET COLLATION_CONNECTION=@OLD_COLLATION_CONNECTION */;
